                  epoch,         train/box_loss,         train/cls_loss,         train/dfl_loss,   metrics/precision(B),      metrics/recall(B),       metrics/mAP50(B),    metrics/mAP50-95(B),           val/box_loss,           val/cls_loss,           val/dfl_loss,                 lr/pg0,                 lr/pg1,                 lr/pg2
                      0,                 1.2175,                 1.6836,                  1.544,                0.72694,                0.79186,                 0.8207,                0.55027,                  1.015,                 1.0151,                  1.226,               0.070682,              0.0032576,              0.0032576
                      1,                 1.1008,                0.95146,                 1.3715,                0.78295,                0.81611,                0.81822,                0.60965,                0.99062,                0.85632,                 1.2784,               0.040649,              0.0065583,              0.0065583
                      2,                 1.0513,                0.90742,                 1.3243,                0.85547,                0.74208,                0.81339,                0.56737,                 1.0757,                0.85823,                 1.3963,               0.010584,               0.009826,               0.009826
                      3,                 1.0987,                0.99743,                  1.324,                 0.7355,                0.66686,                0.69921,                0.49168,                  1.043,                 1.4492,                 1.3465,              0.0098515,              0.0098515,              0.0098515
                      4,                 1.0801,                0.84103,                  1.336,                0.74701,                0.77492,                0.82411,                0.57178,                 1.2024,                 1.3856,                 1.4788,              0.0098515,              0.0098515,              0.0098515
                      5,                 1.0881,                0.81406,                 1.3207,                0.76738,                0.68664,                0.75395,                0.43914,                 1.3119,                 2.3486,                 1.6156,               0.009802,               0.009802,               0.009802
                      6,                 1.0344,                0.78593,                  1.319,                0.83139,                0.75862,                0.81644,                0.54176,                 1.0734,                0.89997,                 1.3702,              0.0097525,              0.0097525,              0.0097525
                      7,                 1.0498,                0.80028,                   1.33,                0.79666,                0.76231,                0.79102,                0.48785,                 1.1554,                 1.0453,                 1.5369,               0.009703,               0.009703,               0.009703
                      8,                 1.0182,                0.78342,                  1.302,                0.89119,                0.77827,                0.87775,                 0.6498,                0.90543,                0.90689,                 1.2376,              0.0096535,              0.0096535,              0.0096535
                      9,                0.98177,                  0.717,                 1.3062,                 0.9198,                0.77847,                0.88756,                0.64448,                0.98364,                 0.7067,                 1.1994,               0.009604,               0.009604,               0.009604
                     10,                 1.0122,                0.71767,                 1.2905,                0.81027,                0.83095,                0.87109,                0.62252,                0.96169,                0.75321,                 1.3876,              0.0095545,              0.0095545,              0.0095545
                     11,                0.98866,                0.69956,                 1.2847,                0.84465,                0.78733,                 0.8681,                 0.6435,                0.98846,                0.91689,                 1.2951,               0.009505,               0.009505,               0.009505
                     12,                0.96977,                0.68947,                 1.2829,                0.87267,                0.80631,                0.89392,                0.67379,                0.76854,                0.69206,                 1.1179,              0.0094555,              0.0094555,              0.0094555
                     13,                0.96998,                0.69998,                 1.2622,                0.85902,                0.82711,                0.87215,                0.65027,                0.76788,                0.67092,                 1.1247,               0.009406,               0.009406,               0.009406
                     14,                0.93983,                0.66727,                 1.2526,                0.90145,                0.82784,                0.89399,                0.65095,                0.86206,                 0.6458,                 1.1528,              0.0093565,              0.0093565,              0.0093565
                     15,                0.95073,                 0.6597,                 1.2439,                0.88226,                0.84766,                0.91205,                0.69839,                0.85483,                0.67387,                 1.1998,               0.009307,               0.009307,               0.009307
                     16,                0.92345,                  0.653,                 1.2448,                0.90946,                0.77264,                0.86364,                0.62685,                 0.8471,                0.71475,                 1.2414,              0.0092575,              0.0092575,              0.0092575
                     17,                0.86568,                0.63564,                 1.2396,                0.91132,                0.70588,                0.85805,                0.60569,                 0.9472,                0.74087,                 1.2739,               0.009208,               0.009208,               0.009208
                     18,                0.89003,                0.62053,                 1.2288,                0.85701,                 0.8136,                0.86844,                0.66296,                0.85299,                0.75459,                 1.1936,              0.0091585,              0.0091585,              0.0091585
                     19,                0.91203,                0.64058,                 1.2297,                0.87659,                0.80353,                 0.8552,                0.64649,                0.82389,                0.92973,                 1.1558,               0.009109,               0.009109,               0.009109
                     20,                0.89173,                0.61936,                 1.2228,                0.84283,                0.82499,                0.86968,                0.63107,                 0.9794,                0.69533,                 1.2896,              0.0090595,              0.0090595,              0.0090595
                     21,                0.87161,                0.59683,                 1.2162,                0.86384,                  0.819,                0.89236,                 0.6836,                0.83524,                 0.7119,                 1.1866,                0.00901,                0.00901,                0.00901
                     22,                0.88496,                0.61015,                 1.2337,                0.86098,                0.78468,                0.86309,                0.66543,                0.72899,                0.67972,                 1.1138,              0.0089605,              0.0089605,              0.0089605
                     23,                0.85514,                0.60815,                  1.215,                0.87634,                0.79186,                0.85872,                0.65061,                 0.7754,                0.65152,                   1.15,               0.008911,               0.008911,               0.008911
                     24,                0.85267,                0.60371,                 1.2257,                0.86463,                 0.8009,                0.87737,                0.67601,                0.76768,                0.61875,                 1.1362,              0.0088615,              0.0088615,              0.0088615
                     25,                0.83394,                0.58247,                 1.1899,                0.91181,                0.77828,                0.87579,                0.67046,                0.79026,                0.64694,                 1.2021,               0.008812,               0.008812,               0.008812
                     26,                0.85019,                0.57806,                 1.2042,                0.92031,                0.76923,                0.86947,                0.67251,                0.79823,                0.59985,                 1.1624,              0.0087625,              0.0087625,              0.0087625
                     27,                0.84549,                0.58804,                 1.1993,                0.88451,                0.84163,                0.88538,                0.67436,                0.82706,                0.62418,                 1.1333,               0.008713,               0.008713,               0.008713
                     28,                0.83103,                0.56439,                 1.1986,                0.86102,                0.81448,                0.87737,                0.66217,                0.75488,                0.62623,                 1.1298,              0.0086635,              0.0086635,              0.0086635
                     29,                0.83001,                0.56582,                 1.1973,                0.85704,                0.79638,                 0.8819,                0.69418,                0.68771,                0.56272,                 1.0651,               0.008614,               0.008614,               0.008614
                     30,                0.82976,                0.56633,                 1.1824,                0.88984,                  0.819,                0.87552,                0.68537,                0.75775,                0.64915,                 1.1178,              0.0085645,              0.0085645,              0.0085645
                     31,                0.80485,                0.54904,                 1.1821,                0.84295,                0.86425,                0.88917,                0.70874,                0.79099,                0.60876,                 1.1597,               0.008515,               0.008515,               0.008515
                     32,                0.82255,                0.55522,                 1.1805,                 0.9157,                0.78642,                0.87696,                0.70365,                0.78535,                0.72582,                 1.0977,              0.0084655,              0.0084655,              0.0084655
                     33,                0.82049,                0.54739,                 1.1851,                0.88525,                0.76798,                0.84705,                0.62836,                 0.8369,                0.68224,                 1.1291,               0.008416,               0.008416,               0.008416
                     34,                0.80407,                0.53946,                 1.1866,                0.83705,                 0.8371,                0.86551,                0.66994,                0.77324,                0.60669,                 1.1229,              0.0083665,              0.0083665,              0.0083665
                     35,                0.77867,                0.52372,                 1.1638,                0.85806,                0.82063,                0.86598,                0.67271,                0.79593,                0.58726,                 1.1248,               0.008317,               0.008317,               0.008317
                     36,                0.78368,                0.53418,                 1.1693,                0.90116,                0.81448,                0.88099,                0.66847,                0.90342,                0.60116,                  1.236,              0.0082675,              0.0082675,              0.0082675
                     37,                0.77724,                0.52643,                 1.1746,                 0.9148,                0.84163,                0.88986,                0.67563,                0.90821,                0.65181,                 1.2529,               0.008218,               0.008218,               0.008218
                     38,                0.78209,                 0.5268,                 1.1749,                0.88852,                0.80995,                0.85963,                0.67199,                0.78583,                0.64999,                 1.1213,              0.0081685,              0.0081685,              0.0081685
                     39,                0.79276,                0.54166,                 1.1691,                0.92999,                0.78141,                0.87666,                 0.6391,                0.91464,                0.66171,                 1.2394,               0.008119,               0.008119,               0.008119
                     40,                0.78698,                0.51974,                 1.1619,                 0.8693,                0.81259,                0.87215,                0.67743,                0.74979,                0.60714,                 1.1426,              0.0080695,              0.0080695,              0.0080695
                     41,                0.78605,                0.51369,                 1.1577,                0.83361,                0.81613,                0.85794,                0.65757,                0.72842,                0.68818,                 1.0976,                0.00802,                0.00802,                0.00802
                     42,                0.75677,                0.49686,                 1.1508,                0.89936,                0.80995,                0.88524,                0.70632,                0.71341,                0.58877,                 1.1044,              0.0079705,              0.0079705,              0.0079705
                     43,                0.77782,                0.51649,                 1.1673,                 0.9353,                0.78496,                0.86696,                0.69199,                0.78225,                0.58436,                 1.0998,               0.007921,               0.007921,               0.007921
                     44,                0.76784,                0.51603,                 1.1695,                0.86502,                 0.8371,                0.87099,                0.68871,                0.77089,                0.59213,                 1.1212,              0.0078715,              0.0078715,              0.0078715
                     45,                0.76936,                0.51051,                 1.1577,                 0.8678,                0.82805,                0.87843,                0.68887,                0.71253,                0.60765,                 1.1134,               0.007822,               0.007822,               0.007822
                     46,                0.76273,                0.50852,                 1.1532,                0.87968,                0.81448,                0.86527,                0.65323,                0.85207,                0.68842,                 1.1461,              0.0077725,              0.0077725,              0.0077725
                     47,                0.71881,                0.47288,                 1.1517,                0.90276,                0.75615,                0.83233,                0.61595,                 1.0114,                 0.7507,                 1.2588,               0.007723,               0.007723,               0.007723
                     48,                0.76974,                0.50479,                 1.1534,                0.87175,                0.82805,                0.87211,                0.68574,                0.88262,                0.60809,                 1.1312,              0.0076735,              0.0076735,              0.0076735
                     49,                0.74702,                0.48531,                 1.1346,                0.86963,                0.83258,                0.87187,                0.68879,                0.80046,                0.62156,                 1.1253,               0.007624,               0.007624,               0.007624
                     50,                0.73381,                0.47782,                 1.1408,                0.87247,                0.78733,                0.84541,                   0.68,                0.71906,                0.64951,                 1.1012,              0.0075745,              0.0075745,              0.0075745
                     51,                0.73199,                 0.4833,                 1.1518,                0.85806,                0.77828,                 0.8523,                0.67215,                0.80132,                0.63649,                 1.1299,               0.007525,               0.007525,               0.007525
                     52,                0.73573,                 0.4959,                 1.1525,                 0.9245,                0.80543,                0.89158,                 0.6968,                0.77748,                0.55994,                 1.1082,              0.0074755,              0.0074755,              0.0074755
                     53,                0.74747,                0.48641,                 1.1388,                0.85799,                0.85068,                0.88269,                0.70516,                0.74232,                 0.6073,                 1.1103,               0.007426,               0.007426,               0.007426
                     54,                0.71325,                0.45869,                   1.13,                0.91345,                0.82805,                0.87921,                0.69937,                0.82296,                0.60807,                 1.1272,              0.0073765,              0.0073765,              0.0073765
                     55,                0.72442,                0.46287,                 1.1295,                0.91687,                0.79852,                0.86781,                0.68499,                0.78323,                0.60673,                 1.1055,               0.007327,               0.007327,               0.007327
                     56,                0.72689,                0.47256,                 1.1266,                0.83943,                0.83258,                0.85646,                0.67055,                0.80592,                0.63225,                 1.1597,              0.0072775,              0.0072775,              0.0072775
                     57,                0.69706,                0.45919,                 1.1126,                 0.8787,                 0.8371,                0.89055,                0.70024,                0.74387,                 0.5415,                 1.1009,               0.007228,               0.007228,               0.007228
                     58,                0.70189,                0.45165,                  1.112,                0.92081,                0.80995,                0.88546,                0.69996,                0.83738,                0.61194,                 1.1636,              0.0071785,              0.0071785,              0.0071785
                     59,                0.69725,                0.45318,                 1.1273,                0.94115,                0.79638,                0.87991,                0.71045,                0.75271,                0.60943,                 1.1059,               0.007129,               0.007129,               0.007129
                     60,                0.69351,                0.45101,                 1.0985,                0.92787,                0.79638,                0.87639,                0.69413,                0.75398,                 0.5712,                 1.1257,              0.0070795,              0.0070795,              0.0070795
                     61,                 0.7018,                0.45158,                 1.1044,                0.83074,                0.82805,                0.85833,                0.69376,                0.71265,                0.60716,                  1.068,                0.00703,                0.00703,                0.00703
                     62,                 0.7079,                0.45277,                 1.1205,                0.93926,                0.76964,                0.87589,                0.71025,                0.71754,                0.60938,                 1.0747,              0.0069805,              0.0069805,              0.0069805
                     63,                0.68185,                0.44742,                 1.1058,                0.93136,                0.80543,                0.88471,                0.71091,                0.72261,                0.57742,                 1.0933,               0.006931,               0.006931,               0.006931
                     64,                0.71038,                0.45532,                 1.1136,                0.92989,                0.79638,                0.87638,                0.69671,                 0.7772,                0.60441,                 1.1119,              0.0068815,              0.0068815,              0.0068815
                     65,                0.69853,                0.44664,                 1.1041,                0.89398,                0.82805,                0.88247,                0.72133,                0.71634,                0.56474,                 1.0923,               0.006832,               0.006832,               0.006832
                     66,                0.68963,                0.43398,                 1.1021,                 0.8671,                0.80543,                0.88093,                0.71613,                0.74005,                0.55823,                 1.1007,              0.0067825,              0.0067825,              0.0067825
                     67,                0.65915,                0.43461,                 1.0881,                0.87888,                0.85372,                0.89416,                0.72398,                0.87068,                0.61751,                 1.1755,               0.006733,               0.006733,               0.006733
                     68,                0.66842,                0.41929,                  1.107,                0.90166,                0.83258,                0.87129,                0.70844,                0.74121,                0.62867,                 1.0827,              0.0066835,              0.0066835,              0.0066835
                     69,                0.64879,                0.42254,                  1.071,                0.90498,                0.79638,                0.86306,                0.70358,                0.66574,                0.56793,                 1.0463,               0.006634,               0.006634,               0.006634
                     70,                0.66683,                 0.4242,                 1.0977,                0.88298,                0.80543,                 0.8566,                0.68943,                0.69397,                0.61608,                 1.0804,              0.0065845,              0.0065845,              0.0065845
                     71,                0.67894,                0.42912,                 1.0918,                0.91329,                0.79186,                 0.8672,                0.68717,                0.72153,                0.64609,                 1.0688,               0.006535,               0.006535,               0.006535
                     72,                0.67587,                0.43256,                 1.0963,                0.88387,                0.82656,                0.88332,                0.72184,                0.68979,                0.61069,                 1.0585,              0.0064855,              0.0064855,              0.0064855
                     73,                0.65891,                0.42515,                  1.074,                0.93582,                0.81448,                0.89227,                0.72366,                0.68054,                0.54137,                 1.0489,               0.006436,               0.006436,               0.006436
                     74,                0.66113,                0.41667,                 1.0863,                0.89136,                0.84163,                0.87958,                0.72278,                 0.6335,                0.56439,                 1.0274,              0.0063865,              0.0063865,              0.0063865
                     75,                 0.6436,                0.41434,                 1.0771,                0.90082,                0.79638,                0.87409,                0.71297,                0.69649,                0.57221,                 1.0718,               0.006337,               0.006337,               0.006337
                     76,                0.62885,                0.41696,                 1.0916,                0.90076,                0.79186,                0.86746,                0.71708,                0.69048,                 0.5774,                 1.0677,              0.0062875,              0.0062875,              0.0062875
                     77,                0.65547,                0.42197,                 1.0814,                 0.9336,                 0.8009,                0.87438,                0.70993,                0.77943,                0.59773,                  1.091,               0.006238,               0.006238,               0.006238
                     78,                0.67243,                0.42009,                 1.0809,                0.88753,                0.82126,                0.87746,                0.71944,                0.71047,                0.55836,                 1.0579,              0.0061885,              0.0061885,              0.0061885
                     79,                0.65465,                0.41571,                 1.0849,                  0.897,                0.80995,                0.87513,                0.70498,                0.76079,                0.58429,                 1.1043,               0.006139,               0.006139,               0.006139
                     80,                0.63005,                0.40101,                 1.0727,                0.89283,                0.84163,                0.88249,                 0.7144,                0.75617,                0.59421,                  1.078,              0.0060895,              0.0060895,              0.0060895
                     81,                0.65205,                0.41283,                 1.0773,                 0.8912,                0.81539,                0.87762,                0.70848,                0.74787,                 0.6129,                 1.0716,                0.00604,                0.00604,                0.00604
                     82,                0.64074,                0.40898,                 1.0691,                0.92941,                 0.8009,                0.86355,                0.70344,                0.75511,                0.62235,                 1.0684,              0.0059905,              0.0059905,              0.0059905
                     83,                0.62567,                0.39646,                 1.0736,                0.90541,                0.77961,                0.85761,                0.68128,                0.75135,                0.64857,                 1.1229,               0.005941,               0.005941,               0.005941
                     84,                0.61967,                0.40103,                 1.0781,                0.87873,                0.81966,                0.87085,                0.72049,                0.70439,                0.64268,                  1.069,              0.0058915,              0.0058915,              0.0058915
                     85,                0.62211,                0.40321,                 1.0732,                0.89757,                0.79298,                0.87851,                0.72239,                0.71518,                0.56135,                 1.0861,               0.005842,               0.005842,               0.005842
                     86,                0.61757,                0.39407,                 1.0598,                 0.8745,                  0.819,                0.88491,                0.71828,                0.73794,                0.56687,                 1.1043,              0.0057925,              0.0057925,              0.0057925
                     87,                0.63188,                0.39734,                 1.0835,                0.90039,                0.79186,                0.87515,                 0.7064,                 0.7546,                 0.6352,                 1.1013,               0.005743,               0.005743,               0.005743
                     88,                0.62822,                0.40018,                 1.0618,                0.91864,                0.81746,                0.87337,                0.70091,                 0.7402,                0.62656,                 1.1013,              0.0056935,              0.0056935,              0.0056935
                     89,                0.59712,                0.38477,                 1.0597,                0.90731,                0.79638,                0.85556,                0.68962,                0.74771,                0.65345,                 1.1001,               0.005644,               0.005644,               0.005644
                     90,                0.60276,                0.38672,                 1.0494,                0.91253,                0.80246,                0.86712,                 0.6846,                0.74187,                0.62467,                 1.1332,              0.0055945,              0.0055945,              0.0055945
                     91,                0.61083,                0.39078,                  1.064,                 0.8857,                0.80643,                0.86431,                0.70479,                0.71513,                0.68112,                 1.0779,               0.005545,               0.005545,               0.005545
                     92,                0.62284,                0.39449,                 1.0754,                0.87106,                0.85592,                0.87439,                0.71975,                0.69714,                0.59985,                 1.0701,              0.0054955,              0.0054955,              0.0054955
                     93,                0.62122,                0.39893,                 1.0719,                0.90418,                0.80543,                0.87364,                0.71875,                0.69491,                 0.6149,                 1.0462,               0.005446,               0.005446,               0.005446
                     94,                0.60109,                0.39336,                 1.0581,                0.89569,                0.80995,                0.88554,                0.71873,                0.67591,                 0.5726,                 1.0471,              0.0053965,              0.0053965,              0.0053965
                     95,                  0.584,                0.37659,                 1.0599,                0.85794,                0.84715,                  0.867,                 0.7015,                0.71813,                0.57837,                 1.0668,               0.005347,               0.005347,               0.005347
                     96,                 0.6131,                 0.3888,                 1.0718,                0.89597,                0.82805,                0.86936,                0.69885,                0.68818,                0.56033,                 1.0452,              0.0052975,              0.0052975,              0.0052975
                     97,                0.60532,                0.38491,                 1.0687,                0.90446,                0.77102,                0.86526,                 0.7033,                0.71778,                 0.5922,                  1.069,               0.005248,               0.005248,               0.005248
                     98,                 0.5924,                0.38736,                 1.0636,                0.90559,                0.83258,                0.89014,                0.71845,                0.70575,                 0.5795,                 1.0762,              0.0051985,              0.0051985,              0.0051985
                     99,                0.58872,                0.37721,                 1.0619,                0.93562,                 0.8009,                0.89217,                0.71841,                0.69979,                0.54094,                 1.0692,               0.005149,               0.005149,               0.005149
                    100,                0.57561,                0.37463,                 1.0418,                 0.8949,                0.84762,                0.89055,                0.72719,                 0.6992,                0.52561,                 1.0518,              0.0050995,              0.0050995,              0.0050995
                    101,                0.58833,                0.38753,                   1.06,                0.91492,                0.82716,                0.88296,                0.70794,                0.70041,                0.52677,                 1.0621,                0.00505,                0.00505,                0.00505
                    102,                0.59687,                0.37246,                 1.0513,                0.91365,                0.78281,                0.86751,                0.70553,                 0.7084,                0.57451,                 1.0617,              0.0050005,              0.0050005,              0.0050005
                    103,                 0.5851,                0.36357,                 1.0394,                0.91484,                0.80543,                 0.8666,                0.70907,                0.75235,                 0.5936,                 1.0915,               0.004951,               0.004951,               0.004951
                    104,                0.57953,                0.36723,                  1.051,                0.91538,                0.78317,                0.85209,                 0.6537,                0.80316,                0.64208,                 1.1144,              0.0049015,              0.0049015,              0.0049015
                    105,                0.56984,                 0.3574,                 1.0468,                0.91745,                 0.8371,                 0.8878,                0.71949,                 0.7647,                0.64894,                 1.0967,               0.004852,               0.004852,               0.004852
                    106,                 0.5808,                0.36911,                 1.0525,                0.92675,                0.81448,                0.87804,                0.71574,                 0.7785,                0.60281,                 1.1032,              0.0048025,              0.0048025,              0.0048025
                    107,                0.56503,                0.36203,                 1.0352,                0.92782,                0.75614,                0.86706,                0.70827,                0.71264,                0.60922,                 1.0598,               0.004753,               0.004753,               0.004753
                    108,                0.58038,                  0.374,                 1.0419,                0.91177,                0.80543,                0.87519,                0.72205,                0.68713,                0.56245,                 1.0612,              0.0047035,              0.0047035,              0.0047035
                    109,                0.56871,                0.36053,                 1.0349,                0.91171,                0.81448,                0.87572,                0.72823,                 0.6853,                0.58057,                 1.0389,               0.004654,               0.004654,               0.004654
                    110,                0.58249,                0.37105,                 1.0354,                0.91258,                0.80305,                0.87163,                0.71508,                 0.6913,                 0.5509,                 1.0523,              0.0046045,              0.0046045,              0.0046045
                    111,                0.54612,                0.35908,                 1.0289,                 0.9044,                0.84163,                0.86924,                0.71552,                0.75469,                0.54211,                 1.0998,               0.004555,               0.004555,               0.004555
                    112,                0.54878,                0.35298,                 1.0196,                0.83629,                0.85523,                0.87558,                0.72445,                 0.7148,                 0.5524,                 1.0668,              0.0045055,              0.0045055,              0.0045055
                    113,                0.56723,                0.35008,                 1.0284,                0.89452,                 0.8058,                0.86943,                 0.7228,                0.68895,                0.54575,                 1.0552,               0.004456,               0.004456,               0.004456
                    114,                0.55572,                0.35587,                  1.023,                0.90703,                0.79638,                 0.8639,                0.72182,                 0.6931,                0.55542,                 1.0655,              0.0044065,              0.0044065,              0.0044065
                    115,                0.53311,                0.34054,                 1.0178,                0.90339,                0.80543,                0.87339,                0.71852,                0.67579,                 0.5499,                 1.0474,               0.004357,               0.004357,               0.004357
                    116,                0.54151,                0.35108,                 1.0361,                0.89178,                0.79186,                 0.8639,                 0.7096,                0.61863,                0.55361,                  1.033,              0.0043075,              0.0043075,              0.0043075
                    117,                0.54847,                0.34635,                 1.0125,                0.91259,                0.80995,                0.86722,                0.71166,                0.62418,                0.56192,                 1.0237,               0.004258,               0.004258,               0.004258
                    118,                0.54639,                0.34652,                 1.0285,                0.88623,                 0.8107,                0.86063,                0.71692,                0.65903,                0.57437,                 1.0483,              0.0042085,              0.0042085,              0.0042085
                    119,                0.53626,                0.33673,                 1.0168,                0.89016,                0.80678,                0.86912,                0.71284,                0.69993,                 0.5757,                 1.0708,               0.004159,               0.004159,               0.004159
                    120,                0.53279,                 0.3436,                 1.0246,                0.86893,                0.79638,                0.85269,                0.70851,                0.72208,                0.61767,                 1.0756,              0.0041095,              0.0041095,              0.0041095
                    121,                0.52951,                 0.3242,                 1.0203,                0.91399,                0.76471,                0.85181,                0.70848,                0.71324,                0.58671,                 1.0642,                0.00406,                0.00406,                0.00406
                    122,                0.55365,                 0.3472,                 1.0265,                0.87862,                0.78733,                  0.862,                0.70958,                0.69766,                0.54933,                 1.0496,              0.0040105,              0.0040105,              0.0040105
                    123,                0.54703,                0.34746,                 1.0277,                0.90287,                 0.7992,                0.86636,                0.71868,                0.68825,                0.54628,                  1.034,               0.003961,               0.003961,               0.003961
                    124,                0.53713,                0.34184,                 1.0291,                0.89269,                0.82815,                0.86426,                0.70666,                0.69185,                 0.5404,                 1.0432,              0.0039115,              0.0039115,              0.0039115
                    125,                0.54639,                0.34754,                 1.0152,                 0.9091,                0.81448,                0.86172,                0.69806,                0.68675,                0.53468,                 1.0534,               0.003862,               0.003862,               0.003862
                    126,                0.53458,                0.33609,                 1.0169,                 0.8875,                0.82105,                 0.8732,                0.71638,                0.70587,                 0.5176,                 1.0645,              0.0038125,              0.0038125,              0.0038125
                    127,                0.52501,                0.33432,                 1.0087,                0.87206,                0.82353,                0.87747,                0.72678,                0.63706,                0.52243,                 1.0196,               0.003763,               0.003763,               0.003763
                    128,                0.52699,                0.33732,                 1.0206,                0.89834,                0.79975,                0.86709,                0.71426,                0.66956,                0.53025,                 1.0293,              0.0037135,              0.0037135,              0.0037135
                    129,                0.51597,                0.33025,                 1.0024,                0.92087,                0.78988,                0.86229,                0.71308,                0.67929,                0.52367,                 1.0463,               0.003664,               0.003664,               0.003664
                    130,                0.50409,                0.33361,                  1.024,                0.90089,                0.78733,                0.85645,                 0.7089,                0.63594,                0.55748,                  1.035,              0.0036145,              0.0036145,              0.0036145
                    131,                0.51946,                0.32969,                 1.0079,                0.89412,                0.79186,                0.86345,                0.71713,                0.65146,                0.53196,                 1.0443,               0.003565,               0.003565,               0.003565
                    132,                0.51345,                0.33043,                 1.0051,                0.89964,                0.78733,                0.86766,                0.72407,                0.64709,                0.56032,                 1.0412,              0.0035155,              0.0035155,              0.0035155
                    133,                0.51736,                0.32209,                 1.0088,                0.91557,                0.77828,                0.86621,                0.71803,                0.67858,                 0.5587,                 1.0673,               0.003466,               0.003466,               0.003466
                    134,                0.52476,                 0.3344,                 1.0029,                0.91218,                0.79905,                0.87247,                0.72585,                0.64471,                0.54263,                 1.0437,              0.0034165,              0.0034165,              0.0034165
                    135,                0.51964,                0.32915,                 1.0095,                0.89038,                0.77185,                0.86092,                0.71907,                0.65963,                 0.5792,                 1.0285,               0.003367,               0.003367,               0.003367
                    136,                0.50827,                0.32475,                 1.0218,                0.90195,                 0.8009,                0.86967,                 0.7204,                0.67668,                0.55718,                 1.0403,              0.0033175,              0.0033175,              0.0033175
                    137,                0.48888,                 0.3172,                0.99117,                0.91634,                0.79301,                0.87253,                0.73382,                0.63258,                0.52642,                 1.0189,               0.003268,               0.003268,               0.003268
                    138,                0.51758,                0.32611,                 1.0075,                0.90568,                0.79186,                0.87184,                0.72315,                0.67011,                 0.5464,                  1.039,              0.0032185,              0.0032185,              0.0032185
                    139,                0.48536,                0.31832,                 1.0054,                0.86517,                  0.819,                0.86067,                0.71383,                0.67972,                0.52782,                  1.044,               0.003169,               0.003169,               0.003169
                    140,                0.48639,                0.32049,                 1.0077,                0.90595,                0.80995,                0.86795,                0.71112,                0.65912,                 0.4959,                 1.0223,              0.0031195,              0.0031195,              0.0031195
                    141,                0.50495,                0.33456,                 0.9982,                0.89749,                0.78733,                0.86594,                0.71291,                0.64219,                0.56109,                 1.0195,                0.00307,                0.00307,                0.00307
                    142,                0.48133,                0.30587,                0.98903,                0.88591,                0.79186,                0.86962,                0.72129,                0.63926,                0.54268,                 1.0201,              0.0030205,              0.0030205,              0.0030205
                    143,                0.48916,                0.31705,                 1.0032,                0.91159,                0.79311,                0.86704,                0.71545,                0.69976,                0.57491,                 1.0684,               0.002971,               0.002971,               0.002971
                    144,                0.49348,                 0.3175,                  0.996,                0.91223,                0.79953,                0.87496,                0.71276,                0.68057,                0.55501,                 1.0475,              0.0029215,              0.0029215,              0.0029215
                    145,                0.49992,                0.32083,                0.99527,                 0.9247,                 0.8009,                0.87077,                0.70863,                0.67349,                0.55912,                 1.0694,               0.002872,               0.002872,               0.002872
                    146,                0.49821,                 0.3126,                0.99534,                0.90791,                0.80301,                0.87259,                0.71873,                 0.6394,                0.53599,                 1.0317,              0.0028225,              0.0028225,              0.0028225
                    147,                0.48237,                 0.3182,                  1.008,                0.91332,                0.79186,                0.88585,                0.72672,                0.67256,                0.54588,                 1.0479,               0.002773,               0.002773,               0.002773
                    148,                 0.4753,                0.31316,                 1.0067,                0.93399,                0.76923,                0.88652,                0.72492,                0.67046,                0.51948,                 1.0449,              0.0027235,              0.0027235,              0.0027235
                    149,                0.49664,                 0.3164,                0.98384,                0.87678,                 0.8009,                0.88431,                0.72966,                0.65561,                0.51416,                  1.034,               0.002674,               0.002674,               0.002674
                    150,                0.48724,                0.31596,                0.99576,                0.89369,                0.80543,                0.87379,                0.72412,                0.65021,                 0.5497,                 1.0333,              0.0026245,              0.0026245,              0.0026245
                    151,                0.46584,                 0.3059,                0.99705,                0.85098,                 0.8552,                0.87217,                0.71996,                0.65638,                0.51111,                 1.0357,               0.002575,               0.002575,               0.002575
                    152,                0.46734,                0.30211,                0.97794,                0.87192,                0.82353,                0.86908,                0.72079,                0.63566,                0.50662,                 1.0301,              0.0025255,              0.0025255,              0.0025255
                    153,                0.47499,                0.30354,                0.99079,                0.85872,                0.82353,                0.86713,                0.71535,                0.64304,                0.53026,                 1.0266,               0.002476,               0.002476,               0.002476
                    154,                0.45489,                0.30326,                0.99127,                0.88402,                 0.8009,                0.86144,                0.71779,                0.63752,                0.57483,                 1.0129,              0.0024265,              0.0024265,              0.0024265
                    155,                0.44367,                 0.2997,                0.98945,                0.90825,                0.76923,                0.86314,                0.72033,                0.61555,                0.56177,                 1.0128,               0.002377,               0.002377,               0.002377
                    156,                0.45735,                0.29953,                0.97725,                0.86701,                 0.8009,                0.86558,                0.71462,                0.60677,                0.56081,                 1.0116,              0.0023275,              0.0023275,              0.0023275
                    157,                0.46257,                0.30268,                0.99472,                0.86969,                0.81535,                0.87336,                 0.7199,                0.61071,                0.55534,                  1.013,               0.002278,               0.002278,               0.002278
                    158,                0.45767,                0.29193,                0.97726,                0.88331,                0.82207,                0.87354,                0.72017,                0.61425,                0.54695,                 1.0157,              0.0022285,              0.0022285,              0.0022285
                    159,                0.44232,                 0.2856,                0.97188,                0.84826,                0.83258,                0.86961,                0.72681,                0.58129,                0.51472,                 1.0059,               0.002179,               0.002179,               0.002179
                    160,                0.46062,                0.29426,                 0.9839,                0.82395,                0.84615,                0.86814,                0.72166,                 0.6245,                0.54562,                 1.0203,              0.0021295,              0.0021295,              0.0021295
                    161,                0.45397,                0.29999,                0.97161,                0.89809,                0.79752,                0.86652,                0.72916,                0.58422,                0.55116,                 1.0119,                0.00208,                0.00208,                0.00208
                    162,                0.46604,                0.30015,                0.98828,                0.87862,                0.81881,                0.86361,                0.72297,                0.62884,                0.56032,                 1.0206,              0.0020305,              0.0020305,              0.0020305
                    163,                0.43618,                 0.2853,                0.97841,                0.90087,                0.79186,                0.85747,                0.71182,                0.64721,                0.57875,                 1.0382,               0.001981,               0.001981,               0.001981
                    164,                 0.4632,                0.29574,                0.99096,                0.88586,                0.79638,                0.86307,                0.71852,                0.64659,                  0.569,                 1.0342,              0.0019315,              0.0019315,              0.0019315
                    165,                0.45951,                0.29538,                0.97942,                0.88488,                0.79638,                0.86877,                0.72282,                0.63906,                0.56662,                 1.0181,               0.001882,               0.001882,               0.001882
                    166,                0.46623,                0.29408,                0.98043,                0.89968,                0.79186,                0.86514,                0.71859,                0.59395,                0.57382,                 1.0056,              0.0018325,              0.0018325,              0.0018325
                    167,                0.44718,                0.28399,                0.98856,                0.90963,                0.78281,                0.86234,                0.72052,                0.59621,                0.53747,                0.99894,               0.001783,               0.001783,               0.001783
                    168,                0.44154,                0.28775,                0.97907,                 0.8831,                0.79186,                0.84873,                0.71691,                0.60603,                0.57697,                0.99081,              0.0017335,              0.0017335,              0.0017335
                    169,                0.44301,                0.28485,                0.98012,                0.86691,                0.77828,                0.84906,                0.71089,                0.64008,                0.59007,                 1.0142,               0.001684,               0.001684,               0.001684
                    170,                 0.4345,                0.28619,                0.96735,                0.83572,                0.82867,                0.86262,                0.72279,                0.64523,                0.53099,                 1.0226,              0.0016345,              0.0016345,              0.0016345
                    171,                0.44389,                0.28321,                0.97738,                0.84806,                0.83348,                0.86584,                0.72844,                0.62325,                0.50499,                 1.0194,               0.001585,               0.001585,               0.001585
                    172,                0.42949,                0.28423,                0.96774,                0.88175,                0.78733,                0.85464,                0.71991,                0.62045,                0.54381,                 1.0151,              0.0015355,              0.0015355,              0.0015355
                    173,                0.43234,                0.27702,                0.97128,                0.85833,                0.80995,                0.86138,                0.72344,                0.62246,                0.53828,                  1.014,               0.001486,               0.001486,               0.001486
                    174,                 0.4359,                 0.2804,                0.97699,                0.84704,                0.80995,                0.86414,                0.72505,                0.61922,                0.52028,                 1.0137,              0.0014365,              0.0014365,              0.0014365
                    175,                0.42467,                0.27487,                0.96344,                 0.8525,                0.81069,                0.86524,                0.72375,                0.61745,                0.54455,                 1.0214,               0.001387,               0.001387,               0.001387
                    176,                0.41864,                 0.2739,                0.96525,                0.86709,                0.79702,                0.86725,                0.72545,                0.64704,                0.55932,                 1.0333,              0.0013375,              0.0013375,              0.0013375
                    177,                0.42813,                0.27913,                0.97528,                0.86816,                0.80447,                0.86769,                0.72405,                 0.6609,                0.55871,                 1.0443,               0.001288,               0.001288,               0.001288
                    178,                0.41397,                0.27396,                0.97655,                0.84016,                0.83245,                0.86683,                0.72426,                0.65301,                0.55177,                  1.037,              0.0012385,              0.0012385,              0.0012385
                    179,                0.41166,                0.27238,                0.97575,                0.84906,                0.83993,                0.86613,                 0.7209,                0.64184,                0.52226,                 1.0256,               0.001189,               0.001189,               0.001189
                    180,                0.41894,                0.27413,                0.96647,                0.87541,                0.82661,                0.87127,                0.72312,                0.63651,                 0.5094,                 1.0245,              0.0011395,              0.0011395,              0.0011395
                    181,                0.42777,                0.28223,                0.97186,                0.86898,                0.80543,                0.86599,                0.72096,                0.63119,                0.51295,                 1.0232,                0.00109,                0.00109,                0.00109
                    182,                0.42099,                0.27145,                0.97537,                0.84552,                0.81448,                0.85892,                0.72283,                0.63722,                0.52397,                 1.0219,              0.0010405,              0.0010405,              0.0010405
                    183,                 0.4031,                0.26585,                0.96709,                0.85899,                0.79937,                0.85827,                0.72137,                 0.6383,                0.54893,                 1.0241,               0.000991,               0.000991,               0.000991
                    184,                0.40305,                0.26618,                0.95831,                0.84847,                0.81075,                 0.8595,                0.72047,                0.64016,                0.57071,                 1.0309,              0.0009415,              0.0009415,              0.0009415
                    185,                0.40092,                0.25977,                0.96638,                0.85113,                0.80543,                0.85785,                0.71731,                0.63914,                0.57502,                 1.0297,               0.000892,               0.000892,               0.000892
                    186,                0.40559,                 0.2678,                0.96383,                0.89376,                0.78281,                0.85925,                0.72064,                 0.6396,                0.56925,                 1.0293,              0.0008425,              0.0008425,              0.0008425
                    187,                0.40425,                0.26699,                0.95761,                0.89566,                0.77685,                0.85935,                0.72313,                0.63884,                  0.561,                 1.0305,               0.000793,               0.000793,               0.000793
